outlet,platform,date,entity,sentiment
washingtonpost,youtube,2025-05-31,Post Reports,0.175
washingtonpost,youtube,2025-05-31,the morning,0.2333333333333333
washingtonpost,youtube,2025-05-31,The Washington Post,0.2333333333333333
washingtonpost,youtube,2025-05-31,Aisha Bowe,0.0
washingtonpost,youtube,2025-05-31,Blue Origin,0.0
washingtonpost,youtube,2025-05-31,Carolyn Hax,0.13636363636363635
washingtonpost,youtube,2025-05-31,The Washington Post,0.13636363636363635
washingtonpost,youtube,2025-05-30,May 30,0.25
washingtonpost,youtube,2025-05-30,The Washington Post,0.25
washingtonpost,youtube,2025-05-30,Diddy” Combs,0.1
washingtonpost,youtube,2025-05-30,Sidebar,-0.15555555555555556
washingtonpost,youtube,2025-05-30,The Washington Post,-0.15555555555555556
washingtonpost,youtube,2025-05-30,The Washington Post,0.5
washingtonpost,youtube,2025-05-30,Albania,0.3333333333333333
washingtonpost,youtube,2025-05-30,this summer,0.3333333333333333
washingtonpost,youtube,2025-05-30,The Washington Post,0.3333333333333333
washingtonpost,youtube,2025-05-30,Memorial Day weekend,0.1111111111111111
washingtonpost,youtube,2025-05-30,Lilo & Stitch,0.1111111111111111
washingtonpost,youtube,2025-05-30,Drew Goins,0.1111111111111111
washingtonpost,youtube,2025-05-30,Molly Roberts,0.1111111111111111
washingtonpost,youtube,2025-05-30,Will Leitch,0.1111111111111111
washingtonpost,youtube,2025-05-30,May 29,0.13636363636363635
washingtonpost,youtube,2025-05-30,New Yorkers,0.13636363636363635
washingtonpost,youtube,2025-05-30,The Washington Post,0.13636363636363635
washingtonpost,youtube,2025-05-30,Yassamin Ansari,-0.05
washingtonpost,youtube,2025-05-30,May 29,-0.05
washingtonpost,youtube,2025-05-30,"Friday, May 30",0.0
washingtonpost,youtube,2025-05-29,U.S. Health and Human Services,0.08333333333333333
washingtonpost,youtube,2025-05-29,Robert F. Kennedy Jr.,0.08333333333333333
washingtonpost,youtube,2025-05-29,The Washington Post's,-0.008506944444444449
washingtonpost,youtube,2025-05-29,Libby Casey,-0.008506944444444449
washingtonpost,youtube,2025-05-29,Rhonda Colvin,-0.008506944444444449
washingtonpost,youtube,2025-05-29,James Hohmann,-0.008506944444444449
washingtonpost,youtube,2025-05-29,Dan Lamothe,-0.008506944444444449
washingtonpost,youtube,2025-05-29,Pete Hegseth,-0.008506944444444449
washingtonpost,youtube,2025-05-29,Hegseth,-0.008506944444444449
washingtonpost,youtube,2025-05-29,Elon Musk,-0.008506944444444449
washingtonpost,youtube,2025-05-29,Pete Hegseth's,-0.008506944444444449
washingtonpost,youtube,2025-05-29,8:35,-0.008506944444444449
washingtonpost,youtube,2025-05-29,14:18,-0.008506944444444449
washingtonpost,youtube,2025-05-29,Todd Chrisley,-0.008506944444444449
washingtonpost,youtube,2025-05-29,19:01,-0.008506944444444449
washingtonpost,youtube,2025-05-29,Michael Grimm,-0.008506944444444449
washingtonpost,youtube,2025-05-29,NBA Youngboy,-0.008506944444444449
washingtonpost,youtube,2025-05-29,23:22,-0.008506944444444449
washingtonpost,youtube,2025-05-29,Whitmer,-0.008506944444444449
washingtonpost,youtube,2025-05-29,DOGE,-0.008506944444444449
washingtonpost,youtube,2025-05-29,Sidebar,0.1
washingtonpost,youtube,2025-05-29,Elon Musk's,0.1
washingtonpost,youtube,2025-05-29,The Washington Post,0.1
washingtonpost,youtube,2025-05-29,May 28,0.037500000000000006
washingtonpost,youtube,2025-05-29,The Washington Post,0.037500000000000006
washingtonpost,youtube,2025-05-29,Julie Chrisley,0.5
washingtonpost,youtube,2025-05-29,Michael Grimm,0.5
washingtonpost,youtube,2025-05-29,The Washington Post,0.5
washingtonpost,youtube,2025-05-29,Alps,0.17222222222222222
washingtonpost,youtube,2025-05-29,May 28,0.17222222222222222
washingtonpost,youtube,2025-05-29,Blatten,0.17222222222222222
washingtonpost,youtube,2025-05-29,The Washington Post,0.17222222222222222
washingtonpost,youtube,2025-05-28,Harvard University,-0.3125
washingtonpost,youtube,2025-05-28,Sidebar,0.17222222222222222
washingtonpost,youtube,2025-05-28,The Washington Post,0.17222222222222222
washingtonpost,youtube,2025-05-28,The Washington Post,0.0
washingtonpost,youtube,2025-05-28,Natalie Compton,0.15
washingtonpost,youtube,2025-05-28,a day,0.15
washingtonpost,youtube,2025-05-28,The Washington Post,0.15
washingtonpost,youtube,2025-05-28,"Wednesday, May 28",0.0
washingtonpost,youtube,2025-05-28,SpaceX,0.625
washingtonpost,youtube,2025-05-28,Starship,0.625
washingtonpost,youtube,2025-05-28,May 27,0.625
washingtonpost,youtube,2025-05-28,The Washington Post,0.625
washingtonpost,youtube,2025-05-28,six-year-old,0.0
washingtonpost,youtube,2025-05-28,Lilo & Stitch,0.0
washingtonpost,youtube,2025-05-28,The Washington Post,0.0
washingtonpost,youtube,2025-05-28,SpaceX,0.125
washingtonpost,youtube,2025-05-28,Starship,0.125
washingtonpost,youtube,2025-05-28,"May 27, months",0.125
washingtonpost,youtube,2025-05-28,Sidebar,0.1
washingtonpost,youtube,2025-05-28,National Public Radio,0.1
washingtonpost,youtube,2025-05-28,The Washington Post,0.1
washingtonpost,youtube,2025-05-27,billions of dollars,-0.125
washingtonpost,youtube,2025-05-27,27 percent,-0.125
washingtonpost,youtube,2025-05-27,last week,-0.125
washingtonpost,youtube,2025-05-27,Dana Milbank,-0.125
washingtonpost,youtube,2025-05-27,Catherine Rampell,-0.125
washingtonpost,youtube,2025-05-27,Jason Willick,-0.125
washingtonpost,youtube,2025-05-27,The Washington Post's,0.0861111111111111
washingtonpost,youtube,2025-05-27,Libby Casey,0.0861111111111111
washingtonpost,youtube,2025-05-27,Rhonda Colvin,0.0861111111111111
washingtonpost,youtube,2025-05-27,James Hohmann,0.0861111111111111
washingtonpost,youtube,2025-05-27,Harvard University,0.0861111111111111
washingtonpost,youtube,2025-05-27,Intro,0.0861111111111111
washingtonpost,youtube,2025-05-27,12:32,0.0861111111111111
washingtonpost,youtube,2025-05-27,18:42,0.0861111111111111
washingtonpost,youtube,2025-05-27,22:45,0.0861111111111111
washingtonpost,youtube,2025-05-27,24:56 How,0.0861111111111111
washingtonpost,youtube,2025-05-27,DOGE,0.0
washingtonpost,youtube,2025-05-27,the National Weather Service,0.0
washingtonpost,youtube,2025-05-27,Scott Dance,0.0
washingtonpost,youtube,2025-05-27,The Washington Post,0.0
washingtonpost,youtube,2025-05-27,"Tuesday, May 27",0.0
washingtonpost,youtube,2025-05-26,Tara Brach,0.39285714285714285
washingtonpost,youtube,2025-05-25,Rachel Tashjian,-0.1
washingtonpost,youtube,2025-05-25,The Washington Post,-0.1
washingtonpost,youtube,2025-05-24,Five years ago,0.0
washingtonpost,youtube,2025-05-24,George Floyd,0.0
washingtonpost,youtube,2025-05-24,The Washington Post,0.5
washingtonpost,youtube,2025-05-24,Carolyn Hax,-0.4
washingtonpost,youtube,2025-05-24,The Washington Post,-0.4
washingtonpost,youtube,2025-05-23,Five years,-0.35
washingtonpost,youtube,2025-05-23,George Floyd,-0.35
washingtonpost,youtube,2025-05-23,DEI,-0.35
washingtonpost,youtube,2025-05-23,The Washington Post,-0.35
washingtonpost,youtube,2025-05-23,Scott Mescudi,0.6
washingtonpost,youtube,2025-05-23,Kid Cudi,0.6
washingtonpost,youtube,2025-05-23,"Diddy"" Combs's",0.6
washingtonpost,youtube,2025-05-23,Porsche,0.6
washingtonpost,youtube,2025-05-23,Anne Brannigan,0.6
washingtonpost,youtube,2025-05-23,Mescudi,0.6
washingtonpost,youtube,2025-05-23,Diddy,0.6
washingtonpost,youtube,2025-05-23,The Washington Post,0.6
washingtonpost,youtube,2025-05-23,Rapper Kid Cudi,-0.30000000000000004
washingtonpost,youtube,2025-05-23,Diddy” Combs,-0.30000000000000004
washingtonpost,youtube,2025-05-23,Combs,-0.30000000000000004
washingtonpost,youtube,2025-05-23,Combs,-0.30000000000000004
washingtonpost,youtube,2025-05-23,Sesame Street,0.125
washingtonpost,youtube,2025-05-23,56-year-old,0.125
washingtonpost,youtube,2025-05-23,Drew Goins,0.125
washingtonpost,youtube,2025-05-23,Molly Roberts,0.125
washingtonpost,youtube,2025-05-23,Monica Hesse,0.125
washingtonpost,youtube,2025-05-23,Masterpiece Theater,0.125
washingtonpost,youtube,2025-05-23,Daniel Tiger’s Neighborhood,0.125
washingtonpost,youtube,2025-05-23,May 23,-0.125
washingtonpost,youtube,2025-05-23,the Oval Office,0.25
washingtonpost,youtube,2025-05-23,May 23,0.25
washingtonpost,youtube,2025-05-23,Harvard University,0.25
washingtonpost,youtube,2025-05-23,The Washington Post,0.25
washingtonpost,youtube,2025-05-23,the University of Chicago Booth School of Business,0.14195075757575756
washingtonpost,youtube,2025-05-23,The Washington Post,0.14195075757575756
washingtonpost,youtube,2025-05-23,Sidebar,-0.25
washingtonpost,youtube,2025-05-23,the Alien Enemies Act,-0.25
washingtonpost,youtube,2025-05-23,The Washington Post,-0.25
washingtonpost,youtube,2025-05-23,The Washington Post,-0.25
washingtonpost,youtube,2025-05-23,JD Vance,0.5
washingtonpost,youtube,2025-05-23,the Naval Academy’s,0.5
washingtonpost,youtube,2025-05-23,2025,0.5
washingtonpost,youtube,2025-05-23,May 23,0.5
washingtonpost,youtube,2025-05-23,Annapolis,0.5
washingtonpost,youtube,2025-05-23,Md.,0.5
washingtonpost,youtube,2025-05-23,The Washington Post,0.5
washingtonpost,youtube,2025-05-23,Wings of Rescue,0.3
washingtonpost,youtube,2025-05-23,171,0.3
washingtonpost,youtube,2025-05-23,"nearly 79,000",0.3
washingtonpost,youtube,2025-05-23,The Washington Post,0.3
washingtonpost,youtube,2025-05-23,"Friday, May 23",0.0
washingtonpost,youtube,2025-05-23,the Israeli Embassy,0.0
washingtonpost,youtube,2025-05-23,May 21,0.0
washingtonpost,youtube,2025-05-23,The Washington Post,0.0
washingtonpost,youtube,2025-05-23,Kermit the Frog,0.5
washingtonpost,youtube,2025-05-23,the University of Maryland,0.5
washingtonpost,youtube,2025-05-23,College Park,0.5
washingtonpost,youtube,2025-05-23,May 22,0.5
washingtonpost,youtube,2025-05-23,The Washington Post,0.5
washingtonpost,youtube,2025-05-22,French Open,0.22727272727272724
washingtonpost,youtube,2025-05-22,2025,0.22727272727272724
washingtonpost,youtube,2025-05-22,Ava Wallace,0.22727272727272724
washingtonpost,youtube,2025-05-22,Grand Slam,0.22727272727272724
washingtonpost,youtube,2025-05-22,The Washington Post,0.22727272727272724
washingtonpost,youtube,2025-05-22,The Washington Post,0.39999999999999997
washingtonpost,youtube,2025-05-22,Joe Biden,-0.023809523809523808
washingtonpost,youtube,2025-05-22,The Washington Post's,0.011706349206349205
washingtonpost,youtube,2025-05-22,Libby Casey,0.011706349206349205
washingtonpost,youtube,2025-05-22,Rhonda Colvin,0.011706349206349205
washingtonpost,youtube,2025-05-22,James Hohmann,0.011706349206349205
washingtonpost,youtube,2025-05-22,a busy week,0.011706349206349205
washingtonpost,youtube,2025-05-22,the Oval Office,0.011706349206349205
washingtonpost,youtube,2025-05-22,South African,0.011706349206349205
washingtonpost,youtube,2025-05-22,Cyril Ramaphosa,0.011706349206349205
washingtonpost,youtube,2025-05-22,Drew Harwell,0.011706349206349205
washingtonpost,youtube,2025-05-22,01:06,0.011706349206349205
washingtonpost,youtube,2025-05-22,DNI Tulsi Gabbard,0.011706349206349205
washingtonpost,youtube,2025-05-22,12:26,0.011706349206349205
washingtonpost,youtube,2025-05-22,South African,0.011706349206349205
washingtonpost,youtube,2025-05-22,Cyril Ramaphosa,0.011706349206349205
washingtonpost,youtube,2025-05-22,16:47,0.011706349206349205
washingtonpost,youtube,2025-05-22,747,0.011706349206349205
washingtonpost,youtube,2025-05-22,21:28,0.011706349206349205
washingtonpost,youtube,2025-05-22,The Washington Post,0.5
washingtonpost,youtube,2025-05-22,215,0.25
washingtonpost,youtube,2025-05-22,May 22,0.25
washingtonpost,youtube,2025-05-22,Mike Johnson,0.25
washingtonpost,youtube,2025-05-22,The Washington Post,0.25
washingtonpost,youtube,2025-05-22,"Thursday, May 22",0.0
washingtonpost,youtube,2025-05-21,May 11,0.5
washingtonpost,youtube,2025-05-21,Peter Alexander,0.5
washingtonpost,youtube,2025-05-21,The Washington Post,0.5
washingtonpost,youtube,2025-05-21,Sidebar,0.1486111111111111
washingtonpost,youtube,2025-05-21,The Washington Post,0.1486111111111111
washingtonpost,youtube,2025-05-21,White Afrikaner,0.02499999999999998
washingtonpost,youtube,2025-05-21,South African,0.02499999999999998
washingtonpost,youtube,2025-05-21,Cyril Ramaphosa,0.02499999999999998
washingtonpost,youtube,2025-05-21,May 21,0.02499999999999998
washingtonpost,youtube,2025-05-21,The Washington Post,0.02499999999999998
washingtonpost,youtube,2025-05-21,Chris Velazco,0.3
washingtonpost,youtube,2025-05-21,the AirFly Pro 2's,0.3
washingtonpost,youtube,2025-05-21,The Washington Post,0.3
washingtonpost,youtube,2025-05-21,Tara Brach,0.0
washingtonpost,youtube,2025-05-21,The Washington Post,0.0
washingtonpost,youtube,2025-05-21,The Washington Post,0.0
washingtonpost,youtube,2025-05-21,Chris Velazco,0.0
washingtonpost,youtube,2025-05-21,Android XR,0.0
washingtonpost,youtube,2025-05-21,The Washington Post,0.0
washingtonpost,youtube,2025-05-21,Sidebar,0.425
washingtonpost,youtube,2025-05-21,The Washington Post,0.425
washingtonpost,youtube,2025-05-21,"Wednesday, May 21",0.0
washingtonpost,youtube,2025-05-20,Sidebar,0.0
washingtonpost,youtube,2025-05-20,Joe Biden,0.0
washingtonpost,youtube,2025-05-20,Biden,0.0
washingtonpost,youtube,2025-05-20,The Washington Post,0.0
washingtonpost,youtube,2025-05-20,Sidebar,0.425
washingtonpost,youtube,2025-05-20,Thomas Massie,0.425
washingtonpost,youtube,2025-05-20,"the ""Big Beautiful Bill",0.425
washingtonpost,youtube,2025-05-20,Subscribe to The Washington Post on,0.425
washingtonpost,youtube,2025-05-20,Moody’s,0.3083333333333333
washingtonpost,youtube,2025-05-20,the United States,0.3083333333333333
washingtonpost,youtube,2025-05-20,Dana Milbank,0.3083333333333333
washingtonpost,youtube,2025-05-20,James Hohmann,0.3083333333333333
washingtonpost,youtube,2025-05-20,Natasha Sarin,0.3083333333333333
washingtonpost,youtube,2025-05-20,The Washington Post's,0.23444444444444446
washingtonpost,youtube,2025-05-20,Libby Casey,0.23444444444444446
washingtonpost,youtube,2025-05-20,Rhonda Colvin,0.23444444444444446
washingtonpost,youtube,2025-05-20,James Hohmann,0.23444444444444446
washingtonpost,youtube,2025-05-20,"1,100",0.23444444444444446
washingtonpost,youtube,2025-05-20,Biden,0.23444444444444446
washingtonpost,youtube,2025-05-20,08:30,0.23444444444444446
washingtonpost,youtube,2025-05-20,the Republican Party,0.23444444444444446
washingtonpost,youtube,2025-05-20,14:18,0.23444444444444446
washingtonpost,youtube,2025-05-20,21:52,0.23444444444444446
washingtonpost,youtube,2025-05-20,Biden,0.23444444444444446
washingtonpost,youtube,2025-05-20,"Tuesday, May 20",0.0
washingtonpost,youtube,2025-05-19,Diddy” Combs,0.0875
washingtonpost,youtube,2025-05-19,Tina Knowles,0.0875
washingtonpost,youtube,2025-05-19,April 2025,0.0875
washingtonpost,youtube,2025-05-19,Destiny’s Child,0.0875
washingtonpost,youtube,2025-05-19,Beyonce and Solange,0.0875
washingtonpost,youtube,2025-05-19,The Washington Post,0.0875
washingtonpost,youtube,2025-05-19,Mohsen Mahdawi,0.25
washingtonpost,youtube,2025-05-19,May 19,0.25
washingtonpost,youtube,2025-05-19,The Washington Post,0.25
washingtonpost,youtube,2025-05-19,Biden,0.0
washingtonpost,youtube,2025-05-19,Trisha Pasricha,0.0
washingtonpost,youtube,2025-05-19,The Washington Post,0.0
washingtonpost,youtube,2025-05-19,90-day,0.0
washingtonpost,youtube,2025-05-19,Emily Ley,0.0
washingtonpost,youtube,2025-05-19,The Washington Post,0.0
washingtonpost,youtube,2025-05-19,Dawn Richard,-0.18333333333333335
washingtonpost,youtube,2025-05-19,"Diddy"" Comb’s",-0.18333333333333335
washingtonpost,youtube,2025-05-19,May 16,-0.18333333333333335
washingtonpost,youtube,2025-05-19,July 2023,-0.18333333333333335
washingtonpost,youtube,2025-05-19,The Washington Post,-0.18333333333333335
washingtonpost,youtube,2025-05-19,Cassie Ventura,-0.18333333333333335
washingtonpost,youtube,2025-05-19,The Washington Post,-0.18333333333333335
washingtonpost,youtube,2025-05-19,Sidebar,-0.125
washingtonpost,youtube,2025-05-19,The Washington Post,-0.125
washingtonpost,youtube,2025-05-19,Martha Stewart,0.5
washingtonpost,youtube,2025-05-19,The Washington Post,0.5
washingtonpost,youtube,2025-05-19,"Monday, May 19",0.0
washingtonpost,youtube,2025-05-18,New York City’s,0.21212121212121213
washingtonpost,youtube,2025-05-18,East River,0.21212121212121213
washingtonpost,youtube,2025-05-18,the Brooklyn Bridge,0.21212121212121213
washingtonpost,youtube,2025-05-18,the evening,0.21212121212121213
washingtonpost,youtube,2025-05-18,May 17,0.21212121212121213
washingtonpost,youtube,2025-05-18,The Washington Post,0.21212121212121213
washingtonpost,youtube,2025-05-17,Tara Brach,0.39285714285714285
washingtonpost,youtube,2025-05-17,May 16,0.25
washingtonpost,youtube,2025-05-17,The Washington Post,0.25
washingtonpost,youtube,2025-05-17,Carolyn Hax,0.06666666666666667
washingtonpost,youtube,2025-05-17,The Washington Post,0.06666666666666667
washingtonpost,youtube,2025-05-17,Trans Pride Washington,0.0
washingtonpost,youtube,2025-05-17,The Washington Post,0.0
washingtonpost,youtube,2025-05-16,Adriana Smith,-0.07333333333333333
washingtonpost,youtube,2025-05-16,over 90 days,-0.07333333333333333
washingtonpost,youtube,2025-05-16,The Washington Post,-0.07333333333333333
washingtonpost,youtube,2025-05-16,Diddy” Combs’s ex-girlfriend,0.0
washingtonpost,youtube,2025-05-16,Cassie Ventura,0.0
washingtonpost,youtube,2025-05-16,recent decades,0.075
washingtonpost,youtube,2025-05-16,Wikipedia,0.075
washingtonpost,youtube,2025-05-16,Molly Roberts,0.075
washingtonpost,youtube,2025-05-16,Megan McArdle,0.075
washingtonpost,youtube,2025-05-16,Monica Hesse,0.075
washingtonpost,youtube,2025-05-16,Sidebar,0.19814814814814816
washingtonpost,youtube,2025-05-16,The Washington Post,0.19814814814814816
washingtonpost,youtube,2025-05-16,#qatar #,0.10166666666666666
washingtonpost,youtube,2025-05-16,The Washington Post,0.10166666666666666
washingtonpost,youtube,2025-05-16,Spencer Carbery,0.5
washingtonpost,youtube,2025-05-16,2024-2025,0.5
washingtonpost,youtube,2025-05-16,May 15,0.5
washingtonpost,youtube,2025-05-16,The Washington Post,0.5
washingtonpost,youtube,2025-05-16,"Diddy"" Combs's",0.25
washingtonpost,youtube,2025-05-16,May 5,0.25
washingtonpost,youtube,2025-05-16,Cassie Ventura,0.25
washingtonpost,youtube,2025-05-16,Anne Branigin,0.25
washingtonpost,youtube,2025-05-16,The Washington Post,0.25
washingtonpost,youtube,2025-05-16,Harvard Medical School,0.05617604617604617
washingtonpost,youtube,2025-05-16,Trisha Pasricha,0.05617604617604617
washingtonpost,youtube,2025-05-16,The Washington Post,0.05617604617604617
washingtonpost,youtube,2025-05-16,Latin American,0.25
washingtonpost,youtube,2025-05-16,Nayib Bukele,0.25
washingtonpost,youtube,2025-05-16,The Washington Post,0.25
washingtonpost,youtube,2025-05-16,"Friday, May 16",0.0
washingtonpost,youtube,2025-05-15,Marjorie Taylor Greene,0.19642857142857142
washingtonpost,youtube,2025-05-15,Ga.,0.19642857142857142
washingtonpost,youtube,2025-05-15,Derek Chauvin,0.19642857142857142
washingtonpost,youtube,2025-05-15,George Floyd’s,0.19642857142857142
washingtonpost,youtube,2025-05-15,21 years,0.19642857142857142
washingtonpost,youtube,2025-05-15,22.5-year,0.19642857142857142
washingtonpost,youtube,2025-05-15,Tim Walz,0.19642857142857142
washingtonpost,youtube,2025-05-15,the Minnesota Star Tribune,0.19642857142857142
washingtonpost,youtube,2025-05-15,Chauvin,0.19642857142857142
washingtonpost,youtube,2025-05-15,Keith Ellison,0.19642857142857142
washingtonpost,youtube,2025-05-15,The Washington Post,0.19642857142857142
washingtonpost,youtube,2025-05-15,The Washington Post's,-0.004783950617283952
washingtonpost,youtube,2025-05-15,Libby Casey,-0.004783950617283952
washingtonpost,youtube,2025-05-15,Rhonda Colvin,-0.004783950617283952
washingtonpost,youtube,2025-05-15,James Hohmann,-0.004783950617283952
washingtonpost,youtube,2025-05-15,Rieger,-0.004783950617283952
washingtonpost,youtube,2025-05-15,MAGA,-0.004783950617283952
washingtonpost,youtube,2025-05-15,the early months of his second,-0.004783950617283952
washingtonpost,youtube,2025-05-15,Librarian,-0.004783950617283952
washingtonpost,youtube,2025-05-15,16:10,-0.004783950617283952
washingtonpost,youtube,2025-05-15,19:30,-0.004783950617283952
washingtonpost,youtube,2025-05-15,21:04,-0.004783950617283952
washingtonpost,youtube,2025-05-15,Sidebar,-0.175
washingtonpost,youtube,2025-05-15,$45 million,-0.175
washingtonpost,youtube,2025-05-15,June 14th,-0.175
washingtonpost,youtube,2025-05-15,The Washington Post,-0.175
washingtonpost,youtube,2025-05-15,$400 million,0.16818181818181818
washingtonpost,youtube,2025-05-15,Air Force One,0.16818181818181818
washingtonpost,youtube,2025-05-15,Sightful,0.35000000000000003
washingtonpost,youtube,2025-05-15,Chris Velazco,0.35000000000000003
washingtonpost,youtube,2025-05-15,The Washington Post,0.35000000000000003
washingtonpost,youtube,2025-05-15,May 15,0.25
washingtonpost,youtube,2025-05-15,The Washington Post,0.25
washingtonpost,youtube,2025-05-15,P-12,0.2
washingtonpost,youtube,2025-05-15,98 percent,0.2
washingtonpost,youtube,2025-05-15,The Washington Post,0.2
washingtonpost,youtube,2025-05-15,Miranda Gonzalez,0.0
washingtonpost,youtube,2025-05-15,15-year-old,0.0
washingtonpost,youtube,2025-05-15,Holly,0.0
washingtonpost,youtube,2025-05-15,May 3,0.0
washingtonpost,youtube,2025-05-15,The Washington Post,0.0
washingtonpost,youtube,2025-05-15,Volodymyr Zelensky,0.5
washingtonpost,youtube,2025-05-15,May 15,0.5
washingtonpost,youtube,2025-05-15,The Washington Post,0.5
washingtonpost,youtube,2025-05-15,Al Udeid,-0.10000000000000002
washingtonpost,youtube,2025-05-15,May 15,-0.10000000000000002
washingtonpost,youtube,2025-05-15,The Washington Post,-0.10000000000000002
washingtonpost,youtube,2025-05-15,"Thursday, May 15",0.0
washingtonpost,youtube,2025-05-15,ACLI Capital Challenge,-0.041666666666666664
washingtonpost,youtube,2025-05-15,Ketanji Brown Jackson,-0.041666666666666664
washingtonpost,youtube,2025-05-15,Brett Kavanaugh,-0.041666666666666664
washingtonpost,youtube,2025-05-15,Amy Coney Barrett,-0.041666666666666664
washingtonpost,youtube,2025-05-15,Pete Buttigieg,-0.041666666666666664
washingtonpost,youtube,2025-05-15,Denis McDonough,-0.041666666666666664
washingtonpost,youtube,2025-05-15,Amber Ferguson,-0.041666666666666664
washingtonpost,youtube,2025-05-15,The Washington Post,-0.041666666666666664
washingtonpost,youtube,2025-05-14,May 14,0.25
washingtonpost,youtube,2025-05-14,Chris Murphy,0.25
washingtonpost,youtube,2025-05-14,Health and Human Services,0.25
washingtonpost,youtube,2025-05-14,Robert F. Kennedy Jr.,0.25
washingtonpost,youtube,2025-05-14,The Washington Post,0.25
washingtonpost,youtube,2025-05-14,$400 million,0.0
washingtonpost,youtube,2025-05-14,The Supreme Court,-0.10714285714285715
washingtonpost,youtube,2025-05-14,May 22,0.3333333333333333
washingtonpost,youtube,2025-05-14,meme coin holder,0.3333333333333333
washingtonpost,youtube,2025-05-14,The Washington Post,0.3333333333333333
washingtonpost,youtube,2025-05-14,The Supreme Court,0.35
washingtonpost,youtube,2025-05-14,May 15,0.35
washingtonpost,youtube,2025-05-14,The Washington Post,0.35
washingtonpost,youtube,2025-05-14,Chris Velazco,0.12875
washingtonpost,youtube,2025-05-14,AR,0.12875
washingtonpost,youtube,2025-05-14,"30,000 feet",0.12875
washingtonpost,youtube,2025-05-14,00:44 - AirFly,0.12875
washingtonpost,youtube,2025-05-14,01:24 - Anker Power Bank,0.12875
washingtonpost,youtube,2025-05-14,May 14,0.25
washingtonpost,youtube,2025-05-14,The Washington Post,0.25
washingtonpost,youtube,2025-05-14,Menendez,0.5
washingtonpost,youtube,2025-05-14,Sean ‘Diddy’ Combs,0.5
washingtonpost,youtube,2025-05-14,Cannes,0.5
washingtonpost,youtube,2025-05-14,the Gulf Cooperation Council,0.5
washingtonpost,youtube,2025-05-14,Riyadh,0.5
washingtonpost,youtube,2025-05-14,May 14,0.5
washingtonpost,youtube,2025-05-14,Ahmed al-Sharaa,0.5
washingtonpost,youtube,2025-05-14,a day,0.5
washingtonpost,youtube,2025-05-14,The Washington Post,0.5
washingtonpost,youtube,2025-05-13,Chris Velazco,-0.009595959595959602
washingtonpost,youtube,2025-05-13,Sameer Samat,-0.009595959595959602
washingtonpost,youtube,2025-05-13,The Washington Post,-0.009595959595959602
washingtonpost,youtube,2025-05-13,The Dallas Mavericks,-0.3
washingtonpost,youtube,2025-05-13,2025,-0.3
washingtonpost,youtube,2025-05-13,May 12,-0.3
washingtonpost,youtube,2025-05-13,1.8%,-0.3
washingtonpost,youtube,2025-05-13,Ava Wallace,-0.3
washingtonpost,youtube,2025-05-13,The Washington Post,-0.3
washingtonpost,youtube,2025-05-13,Sidebar,0.0
washingtonpost,youtube,2025-05-13,Abigail Hauslohner,0.0
washingtonpost,youtube,2025-05-13,The Washington Post,0.0
washingtonpost,youtube,2025-05-13,The Washington Post,0.0
washingtonpost,youtube,2025-05-13,The Washington Post's,0.05342312008978675
washingtonpost,youtube,2025-05-13,Libby Casey,0.05342312008978675
washingtonpost,youtube,2025-05-13,Rhonda Colvin,0.05342312008978675
washingtonpost,youtube,2025-05-13,James Hohmann,0.05342312008978675
washingtonpost,youtube,2025-05-13,Abigail Hauslohner,0.05342312008978675
washingtonpost,youtube,2025-05-13,the Middle East,0.05342312008978675
washingtonpost,youtube,2025-05-13,Mohammed bin Salman,0.05342312008978675
washingtonpost,youtube,2025-05-13,Edan Alexander,0.05342312008978675
washingtonpost,youtube,2025-05-13,747,0.05342312008978675
washingtonpost,youtube,2025-05-13,Air Force One,0.05342312008978675
washingtonpost,youtube,2025-05-13,Mohammed bin Salman,0.05342312008978675
washingtonpost,youtube,2025-05-13,MBS,0.05342312008978675
washingtonpost,youtube,2025-05-13,Hamas,0.05342312008978675
washingtonpost,youtube,2025-05-13,24:31,0.05342312008978675
washingtonpost,youtube,2025-05-13,Qatari,0.4666666666666667
washingtonpost,youtube,2025-05-13,$400 million,0.4666666666666667
washingtonpost,youtube,2025-05-13,Trump’s,0.4666666666666667
washingtonpost,youtube,2025-05-13,Dana Milbank,0.4666666666666667
washingtonpost,youtube,2025-05-13,Molly Roberts,0.4666666666666667
washingtonpost,youtube,2025-05-13,James Hohmann,0.4666666666666667
washingtonpost,youtube,2025-05-13,Middle Eastern American,0.1875
washingtonpost,youtube,2025-05-13,first months,0.1875
washingtonpost,youtube,2025-05-13,The Washington Post,0.1875
washingtonpost,youtube,2025-05-13,Karishma Mehrotra,0.5
washingtonpost,youtube,2025-05-13,The Washington Post,0.5
washingtonpost,youtube,2025-05-13,Brian Kelly,0.5
washingtonpost,youtube,2025-05-13,Natalie Compton,0.5
washingtonpost,youtube,2025-05-13,The Washington Post,0.5
washingtonpost,youtube,2025-05-13,Trump’s Middle East,0.16666666666666666
washingtonpost,youtube,2025-05-13,White South Africans,0.16666666666666666
washingtonpost,youtube,2025-05-13,Diddy,0.16666666666666666
washingtonpost,youtube,2025-05-13,Kim Kardashian,0.16666666666666666
washingtonpost,youtube,2025-05-13,Mohammed bin Salman,0.5
washingtonpost,youtube,2025-05-13,Elon Musk,0.5
washingtonpost,youtube,2025-05-13,Riyadh,0.5
washingtonpost,youtube,2025-05-13,May 13,0.5
washingtonpost,youtube,2025-05-13,The Washington Post,0.5
washingtonpost,youtube,2025-05-13,White South Africans,0.125
washingtonpost,youtube,2025-05-13,May 12,0.125
washingtonpost,youtube,2025-05-13,The Washington Post,0.125
washingtonpost,youtube,2025-05-13,May 12,0.16666666666666666
washingtonpost,youtube,2025-05-13,White Afrikaners,0.16666666666666666
washingtonpost,youtube,2025-05-13,Dulles International Airport,0.16666666666666666
washingtonpost,youtube,2025-05-13,The Washington Post,0.16666666666666666
washingtonpost,youtube,2025-05-13,Mohammed bin Salman,0.25
washingtonpost,youtube,2025-05-13,Riyadh,0.25
washingtonpost,youtube,2025-05-13,May 13,0.25
washingtonpost,youtube,2025-05-13,The Washington Post,0.25
washingtonpost,youtube,2025-05-13,King Khalid International Airport,0.1875
washingtonpost,youtube,2025-05-13,Riyadh,0.1875
washingtonpost,youtube,2025-05-13,May 13,0.1875
washingtonpost,youtube,2025-05-13,The Washington Post,0.1875
washingtonpost,youtube,2025-05-12,the Middle East,-0.10416666666666667
washingtonpost,youtube,2025-05-12,Ava Wallace,-0.018518518518518528
washingtonpost,youtube,2025-05-12,Sam Fortier,-0.018518518518518528
washingtonpost,youtube,2025-05-12,The Washington Post,-0.018518518518518528
washingtonpost,youtube,2025-05-12,Edan Alexander,0.0
washingtonpost,youtube,2025-05-12,May 12,0.0
washingtonpost,youtube,2025-05-12,Hamas,0.0
washingtonpost,youtube,2025-05-12,The Washington Post,0.0
washingtonpost,youtube,2025-05-12,The Washington Post,0.5
washingtonpost,youtube,2025-05-12,May 12,-0.012499999999999997
washingtonpost,youtube,2025-05-12,The Washington Post,-0.012499999999999997
washingtonpost,youtube,2025-05-12,Anne Branigin,0.25
washingtonpost,youtube,2025-05-12,the first day,0.25
washingtonpost,youtube,2025-05-12,"Diddy"" Combs's",0.25
washingtonpost,youtube,2025-05-12,The Washington Post,0.25
washingtonpost,youtube,2025-05-12,the Middle East,-0.03472222222222222
washingtonpost,youtube,2025-05-12,Saudi Arabia's,-0.03472222222222222
washingtonpost,youtube,2025-05-12,Prince Khalid bin Salman,-0.03472222222222222
washingtonpost,youtube,2025-05-12,Leo XIV,0.4125
washingtonpost,youtube,2025-05-12,May 12,0.4125
washingtonpost,youtube,2025-05-12,The Washington Post,0.4125
washingtonpost,youtube,2025-05-12,Scott Bessent,0.5
washingtonpost,youtube,2025-05-12,Jamieson Greer,0.5
washingtonpost,youtube,2025-05-12,May 12,0.5
washingtonpost,youtube,2025-05-12,90 days,0.5
washingtonpost,youtube,2025-05-12,The Washington Post,0.5
washingtonpost,youtube,2025-05-12,Leo XIV,0.5
washingtonpost,youtube,2025-05-11,Scott Bessent,0.5
washingtonpost,youtube,2025-05-11,May 11,0.5
washingtonpost,youtube,2025-05-11,The Washington Post,0.5
washingtonpost,youtube,2025-05-11,Rachel Tashjian,0.1
washingtonpost,youtube,2025-05-11,The Washington Post,0.1
washingtonpost,youtube,2025-05-11,St. Peter's Square,0.25
washingtonpost,youtube,2025-05-11,Leo XIV,0.25
washingtonpost,youtube,2025-05-11,May 11,0.25
washingtonpost,youtube,2025-05-11,The Washington Post,0.25
washingtonpost,youtube,2025-05-11,St. Peter's Square,0.25
washingtonpost,youtube,2025-05-11,Leo XIV,0.25
washingtonpost,youtube,2025-05-11,May 11,0.25
washingtonpost,youtube,2025-05-11,The Washington Post,0.25
washingtonpost,youtube,2025-05-10,Carolyn Hax,0.0
washingtonpost,youtube,2025-05-10,The Washington Post,0.0
washingtonpost,youtube,2025-05-10,Leo XIV,0.2125
washingtonpost,youtube,2025-05-10,the Order of Saint Augustine,0.2125
washingtonpost,youtube,2025-05-10,The Washington Post,0.2125
washingtonpost,youtube,2025-05-09,Jeanine Pirro,0.2
washingtonpost,youtube,2025-05-09,#dc #,0.2
washingtonpost,youtube,2025-05-09,The Washington Post,0.2
washingtonpost,youtube,2025-05-09,Diddy” Combs,0.26212121212121214
washingtonpost,youtube,2025-05-09,Anne Branigin,0.26212121212121214
washingtonpost,youtube,2025-05-09,Post Reports,0.26212121212121214
washingtonpost,youtube,2025-05-09,Post Reports,0.26212121212121214
washingtonpost,youtube,2025-05-09,The Washington Post,0.26212121212121214
washingtonpost,youtube,2025-05-09,Diddy” Combs,0.3215909090909091
washingtonpost,youtube,2025-05-09,Anne Branigin,0.3215909090909091
washingtonpost,youtube,2025-05-09,Post Reports,0.3215909090909091
washingtonpost,youtube,2025-05-09,Post Reports,0.3215909090909091
washingtonpost,youtube,2025-05-09,The Washington Post,0.3215909090909091
washingtonpost,youtube,2025-05-09,Diddy” Combs,-0.041666666666666664
washingtonpost,youtube,2025-05-09,Combs,-0.041666666666666664
washingtonpost,youtube,2025-05-09,Combs,-0.041666666666666664
washingtonpost,youtube,2025-05-09,Sidebar,0.11818181818181818
washingtonpost,youtube,2025-05-09,Michelle Boorstein,0.11818181818181818
washingtonpost,youtube,2025-05-09,The Washington Post,0.11818181818181818
washingtonpost,youtube,2025-05-09,The Washington Post,0.11818181818181818
washingtonpost,youtube,2025-05-09,Drew Goins,0.2979591836734694
washingtonpost,youtube,2025-05-09,Molly Roberts,0.2979591836734694
washingtonpost,youtube,2025-05-09,Bina Venkataraman,0.2979591836734694
washingtonpost,youtube,2025-05-09,Karoline Leavitt,-0.03333333333333333
washingtonpost,youtube,2025-05-09,May 9,-0.03333333333333333
washingtonpost,youtube,2025-05-09,White South Africans,-0.03333333333333333
washingtonpost,youtube,2025-05-09,the United States,-0.03333333333333333
washingtonpost,youtube,2025-05-09,The Washington Post,-0.03333333333333333
washingtonpost,youtube,2025-05-09,May 9,0.0
washingtonpost,youtube,2025-05-09,Volodymyr Zelensky,0.0
washingtonpost,youtube,2025-05-09,The Washington Post,0.0
washingtonpost,youtube,2025-05-09,The White House,0.0
washingtonpost,youtube,2025-05-09,May 9,0.0
washingtonpost,youtube,2025-05-09,Librarian,0.0
washingtonpost,youtube,2025-05-09,Carla Hayden,0.0
washingtonpost,youtube,2025-05-09,DEI,0.0
washingtonpost,youtube,2025-05-09,The Washington Post,0.0
washingtonpost,youtube,2025-05-09,Microwaving,0.0
washingtonpost,youtube,2025-05-09,around 2 billion,0.0
washingtonpost,youtube,2025-05-09,The Washington Post,0.0
washingtonpost,youtube,2025-05-09,The Washington Post,0.5
washingtonpost,youtube,2025-05-09,Leo XIV,0.5
washingtonpost,youtube,2025-05-09,Jeanine Pirro,0.5
washingtonpost,youtube,2025-05-09,El Salvador,0.5
washingtonpost,youtube,2025-05-09,Robert Prevost,0.25
washingtonpost,youtube,2025-05-09,Leo XIV,0.25
washingtonpost,youtube,2025-05-09,69-year-old,0.25
washingtonpost,youtube,2025-05-09,South Side,0.25
washingtonpost,youtube,2025-05-09,The Washington Post,0.25
washingtonpost,youtube,2025-05-09,OpenAI,0.06944444444444446
washingtonpost,youtube,2025-05-09,Sam Altman,0.06944444444444446
washingtonpost,youtube,2025-05-08,his first three months,0.18333333333333335
washingtonpost,youtube,2025-05-08,Joe Biden,0.18333333333333335
washingtonpost,youtube,2025-05-08,#recession #,0.18333333333333335
washingtonpost,youtube,2025-05-08,The Washington Post,0.18333333333333335
washingtonpost,youtube,2025-05-08,Ava Wallace,0.13636363636363635
washingtonpost,youtube,2025-05-08,Sam Fortier,0.13636363636363635
washingtonpost,youtube,2025-05-08,The Washington Post,0.13636363636363635
washingtonpost,youtube,2025-05-08,Leo XIV,0.25
washingtonpost,youtube,2025-05-08,St. Peter's,0.25
washingtonpost,youtube,2025-05-08,Vatican City,0.25
washingtonpost,youtube,2025-05-08,May 8,0.25
washingtonpost,youtube,2025-05-08,American Robert Prevost,0.21212121212121213
washingtonpost,youtube,2025-05-08,Leo XIV,0.21212121212121213
washingtonpost,youtube,2025-05-08,May 8,0.21212121212121213
washingtonpost,youtube,2025-05-08,The Washington Post,0.21212121212121213
washingtonpost,youtube,2025-05-08,Sidebar,0.08611111111111111
washingtonpost,youtube,2025-05-08,Leo XIV,0.08611111111111111
washingtonpost,youtube,2025-05-08,Robert Prevost,0.08611111111111111
washingtonpost,youtube,2025-05-08,The Washington Post,0.08611111111111111
washingtonpost,youtube,2025-05-08,The Washington Post's,0.013051568314726208
washingtonpost,youtube,2025-05-08,Libby Casey,0.013051568314726208
washingtonpost,youtube,2025-05-08,Rhonda Colvin,0.013051568314726208
washingtonpost,youtube,2025-05-08,James Hohmann,0.013051568314726208
washingtonpost,youtube,2025-05-08,Michelle Boorstein,0.013051568314726208
washingtonpost,youtube,2025-05-08,Anthony Faiola,0.013051568314726208
washingtonpost,youtube,2025-05-08,Leo XIV,0.013051568314726208
washingtonpost,youtube,2025-05-08,the Catholic Church,0.013051568314726208
washingtonpost,youtube,2025-05-08,Robert Prevost,0.013051568314726208
washingtonpost,youtube,2025-05-08,Leo XIV,0.013051568314726208
washingtonpost,youtube,2025-05-08,Vatican City,0.013051568314726208
washingtonpost,youtube,2025-05-08,10:47,0.013051568314726208
washingtonpost,youtube,2025-05-08,15:26 Inside,0.013051568314726208
washingtonpost,youtube,2025-05-08,17:21,0.013051568314726208
washingtonpost,youtube,2025-05-08,24:39,0.013051568314726208
washingtonpost,youtube,2025-05-08,the Catholic Church's,0.013051568314726208
washingtonpost,youtube,2025-05-08,The Washington Post's,0.013051568314726208
washingtonpost,youtube,2025-05-08,Leo XIV,0.4
washingtonpost,youtube,2025-05-08,May 8,0.4
washingtonpost,youtube,2025-05-08,The Washington Post,0.4
washingtonpost,youtube,2025-05-08,Ed Martin,0.0
washingtonpost,youtube,2025-05-08,May 8,0.0
washingtonpost,youtube,2025-05-08,The Washington Post,0.0
washingtonpost,youtube,2025-05-08,the Oval Office,0.0
washingtonpost,youtube,2025-05-08,May 8,0.0
washingtonpost,youtube,2025-05-08,the Sistine Chapel,0.19444444444444445
washingtonpost,youtube,2025-05-08,May 8,0.19444444444444445
washingtonpost,youtube,2025-05-08,The Washington Post,0.19444444444444445
washingtonpost,youtube,2025-05-08,Trump’s,0.5
washingtonpost,youtube,2025-05-08,Tyre Nichols,0.5
washingtonpost,youtube,2025-05-08,The Washington Post,0.0
washingtonpost,youtube,2025-05-07,St. Peter's,0.13636363636363635
washingtonpost,youtube,2025-05-07,Vatican City,0.13636363636363635
washingtonpost,youtube,2025-05-07,May 7,0.13636363636363635
washingtonpost,youtube,2025-05-07,the Sistine Chapel,0.13636363636363635
washingtonpost,youtube,2025-05-07,The Washington Post,-0.13999999999999999
washingtonpost,youtube,2025-05-07,May 7,0.2
washingtonpost,youtube,2025-05-07,The Washington Post,0.2
washingtonpost,youtube,2025-05-07,7-minute,0.4
washingtonpost,youtube,2025-05-07,The Washington Post,0.4
washingtonpost,youtube,2025-05-07,Pam Bondi,0.05000000000000002
washingtonpost,youtube,2025-05-07,Kash Patel,0.05000000000000002
washingtonpost,youtube,2025-05-07,Operation Restore Justice,0.05000000000000002
washingtonpost,youtube,2025-05-07,May 7,0.05000000000000002
washingtonpost,youtube,2025-05-07,The Washington Post,0.05000000000000002
washingtonpost,youtube,2025-05-07,Pam Bondi,0.18333333333333335
washingtonpost,youtube,2025-05-07,May 7,0.18333333333333335
washingtonpost,youtube,2025-05-07,Epstein,0.18333333333333335
washingtonpost,youtube,2025-05-07,The Washington Post,0.18333333333333335
washingtonpost,youtube,2025-05-07,May 7,0.16666666666666666
washingtonpost,youtube,2025-05-07,last month,0.16666666666666666
washingtonpost,youtube,2025-05-07,The Washington Post,0.16666666666666666
washingtonpost,youtube,2025-05-07,DOGE,0.2787878787878788
washingtonpost,youtube,2025-05-07,May 7,-0.05
washingtonpost,youtube,2025-05-07,last month,-0.05
washingtonpost,youtube,2025-05-07,The Washington Post,-0.05
washingtonpost,youtube,2025-05-06,May 6,0.25
washingtonpost,youtube,2025-05-06,Ava Wallace,0.25
washingtonpost,youtube,2025-05-06,metgalaathome2025,0.25
washingtonpost,youtube,2025-05-06,The Washington Post,0.25
washingtonpost,youtube,2025-05-06,The Washington Post's,-0.03888888888888888
washingtonpost,youtube,2025-05-06,Rhonda Colvin,-0.03888888888888888
washingtonpost,youtube,2025-05-06,James Hohmann,-0.03888888888888888
washingtonpost,youtube,2025-05-06,Naftali Bendavid,-0.03888888888888888
washingtonpost,youtube,2025-05-06,07:56,-0.03888888888888888
washingtonpost,youtube,2025-05-06,Joe Biden,-0.03888888888888888
washingtonpost,youtube,2025-05-06,16:00 How Trump,-0.03888888888888888
washingtonpost,youtube,2025-05-06,26:01,-0.03888888888888888
washingtonpost,youtube,2025-05-06,Sidebar,0.1
washingtonpost,youtube,2025-05-06,Naftali Bendavid,0.1
washingtonpost,youtube,2025-05-06,Papal,0.1
washingtonpost,youtube,2025-05-06,The Washington Post,0.1
washingtonpost,youtube,2025-05-06,The Washington Post,0.1
washingtonpost,youtube,2025-05-06,Dana Milbank,-0.04383838383838384
washingtonpost,youtube,2025-05-06,Catherine Rampell,-0.04383838383838384
washingtonpost,youtube,2025-05-06,Eduardo,-0.04383838383838384
washingtonpost,youtube,2025-05-06,late April,-0.0009090909090909011
washingtonpost,youtube,2025-05-06,Mark Carney,0.0
washingtonpost,youtube,2025-05-06,the White House,0.0
washingtonpost,youtube,2025-05-06,May 6,0.0
washingtonpost,youtube,2025-05-06,The Washington Post,0.0
washingtonpost,youtube,2025-05-06,Mark Carney,0.0
washingtonpost,youtube,2025-05-06,the White House,0.0
washingtonpost,youtube,2025-05-06,May 6,0.0
washingtonpost,youtube,2025-05-06,The Washington Post,0.0
washingtonpost,youtube,2025-05-06,Rachel Tashjian,0.0
washingtonpost,youtube,2025-05-06,metgalaathome2025 Subscribe,0.0
washingtonpost,youtube,2025-05-06,The Washington Post,0.0
washingtonpost,youtube,2025-05-06,Houthi,0.033333333333333326
washingtonpost,youtube,2025-05-06,Sanaa,0.033333333333333326
washingtonpost,youtube,2025-05-06,May 6,0.033333333333333326
washingtonpost,youtube,2025-05-06,The Washington Post,0.033333333333333326
washingtonpost,youtube,2025-05-06,Rihanna,0.05555555555555557
washingtonpost,youtube,2025-05-06,Diana Ross,0.05555555555555557
washingtonpost,youtube,2025-05-06,Domingo,0.05555555555555557
washingtonpost,youtube,2025-05-06,Andre 3000,0.05555555555555557
washingtonpost,youtube,2025-05-06,the Met Gala,0.05555555555555557
washingtonpost,youtube,2025-05-06,May 5,0.05555555555555557
washingtonpost,youtube,2025-05-06,metgalaathome2025 Read,0.05555555555555557
washingtonpost,youtube,2025-05-06,The Washington Post,0.05555555555555557
washingtonpost,youtube,2025-05-06,University of Michigan,0.5
washingtonpost,youtube,2025-05-06,The Washington Post,0.5
washingtonpost,youtube,2025-05-06,Rihanna,0.0
washingtonpost,youtube,2025-05-06,the Met Gala,0.0
washingtonpost,youtube,2025-05-06,metgalaathome2025 Subscribe,0.0
washingtonpost,youtube,2025-05-06,The Washington Post,0.0
washingtonpost,youtube,2025-05-06,Lauryn Hill's,0.23333333333333336
washingtonpost,youtube,2025-05-06,metgalaathome2025 Subscribe,0.23333333333333336
washingtonpost,youtube,2025-05-06,The Washington Post,0.23333333333333336
washingtonpost,youtube,2025-05-06,Kim Kardashian's,0.0
washingtonpost,youtube,2025-05-06,metgalaathome2025 Subscribe,0.0
washingtonpost,youtube,2025-05-06,The Washington Post,0.0
washingtonpost,youtube,2025-05-06,Bernie Sanders,-0.09365079365079364
washingtonpost,youtube,2025-05-06,Alexandria Ocasio-Cortez,-0.09365079365079364
washingtonpost,youtube,2025-05-06,Fighting Oligarchy,-0.09365079365079364
washingtonpost,youtube,2025-05-06,Ocasio-Cortez,-0.09365079365079364
washingtonpost,youtube,2025-05-06,the Democratic Party,-0.09365079365079364
washingtonpost,youtube,2025-05-06,Harrisburg,-0.09365079365079364
washingtonpost,youtube,2025-05-06,Cigar,0.0
washingtonpost,youtube,2025-05-06,Madonna,0.0
washingtonpost,youtube,2025-05-06,May 5,0.0
washingtonpost,youtube,2025-05-06,metgalaathome2025 Subscribe,0.0
washingtonpost,youtube,2025-05-06,The Washington Post,0.0
washingtonpost,youtube,2025-05-06,Tracee Ellis Ross,0.0
washingtonpost,youtube,2025-05-06,metgalaathome2025 Subscribe,0.0
washingtonpost,youtube,2025-05-06,The Washington Post,0.0
washingtonpost,youtube,2025-05-06,Nicole Kidman,0.0
washingtonpost,youtube,2025-05-06,2025,0.0
washingtonpost,youtube,2025-05-06,May 5,0.0
washingtonpost,youtube,2025-05-06,metgalaathome2025 Subscribe,0.0
washingtonpost,youtube,2025-05-06,The Washington Post,0.0
washingtonpost,youtube,2025-05-06,Patrick Schwarzenegger,-0.2
washingtonpost,youtube,2025-05-06,Met Gala,-0.2
washingtonpost,youtube,2025-05-06,metgalaathome2025 Subscribe,-0.2
washingtonpost,youtube,2025-05-06,The Washington Post,-0.2
washingtonpost,youtube,2025-05-06,Demi Moore,0.21428571428571427
washingtonpost,youtube,2025-05-06,May 5,0.21428571428571427
washingtonpost,youtube,2025-05-06,metgalaathome2025 Subscribe,0.21428571428571427
washingtonpost,youtube,2025-05-06,The Washington Post,0.21428571428571427
washingtonpost,youtube,2025-05-05,Alicia Keys,0.0
washingtonpost,youtube,2025-05-05,Swizz Beatz,0.0
washingtonpost,youtube,2025-05-05,the 2025 Met Gala,0.0
washingtonpost,youtube,2025-05-05,May 5,0.0
washingtonpost,youtube,2025-05-05,metgalaathome2025 Subscribe,0.0
washingtonpost,youtube,2025-05-05,The Washington Post,0.0
washingtonpost,youtube,2025-05-05,Lorde,0.0
washingtonpost,youtube,2025-05-05,Met Gala,0.0
washingtonpost,youtube,2025-05-05,May 5,0.0
washingtonpost,youtube,2025-05-05,metgalaathome2025 Subscribe,0.0
washingtonpost,youtube,2025-05-05,The Washington Post,0.0
washingtonpost,youtube,2025-05-05,Gigi Hadid,0.0
washingtonpost,youtube,2025-05-05,the 2025 Met Gala,0.0
washingtonpost,youtube,2025-05-05,May 5,0.0
washingtonpost,youtube,2025-05-05,metgalaathome2025 Subscribe,0.0
washingtonpost,youtube,2025-05-05,The Washington Post,0.0
washingtonpost,youtube,2025-05-05,Diana Ross,0.07361111111111111
washingtonpost,youtube,2025-05-05,the 2025 Met Gala,0.07361111111111111
washingtonpost,youtube,2025-05-05,metgalaathome2025 Subscribe,0.07361111111111111
washingtonpost,youtube,2025-05-05,The Washington Post,0.07361111111111111
washingtonpost,youtube,2025-05-05,Audra McDonald,0.5
washingtonpost,youtube,2025-05-05,Dandy,0.5
washingtonpost,youtube,2025-05-05,the 20th century,0.5
washingtonpost,youtube,2025-05-05,Leon Talley,0.5
washingtonpost,youtube,2025-05-05,metgalaathome2025 Subscribe,0.5
washingtonpost,youtube,2025-05-05,The Washington Post,0.5
washingtonpost,youtube,2025-05-05,Domingo,0.0
washingtonpost,youtube,2025-05-05,metgalaathome2025 Subscribe,0.0
washingtonpost,youtube,2025-05-05,The Washington Post,0.0
washingtonpost,youtube,2025-05-05,Actress Sydney Sweeney,-0.16666666666666666
washingtonpost,youtube,2025-05-05,May 5,-0.16666666666666666
washingtonpost,youtube,2025-05-05,metgalaathome2025 Subscribe,-0.16666666666666666
washingtonpost,youtube,2025-05-05,The Washington Post,-0.16666666666666666
washingtonpost,youtube,2025-05-05,Anna Wintour,0.11666666666666668
washingtonpost,youtube,2025-05-05,the 2025 Met Gala Theme,0.11666666666666668
washingtonpost,youtube,2025-05-05,Superfine: Tailoring Black Style,0.11666666666666668
washingtonpost,youtube,2025-05-05,metgalaathome2025 Subscribe,0.11666666666666668
washingtonpost,youtube,2025-05-05,The Washington Post,0.11666666666666668
washingtonpost,youtube,2025-05-05,the 2025 Met Gala,0.0
washingtonpost,youtube,2025-05-05,La La Anthony,0.0
washingtonpost,youtube,2025-05-05,metgalaathome2025 Subscribe,0.0
washingtonpost,youtube,2025-05-05,The Washington Post,0.0
washingtonpost,youtube,2025-05-05,Ruth E. Carter,-0.16666666666666666
washingtonpost,youtube,2025-05-05,Black Panther,-0.16666666666666666
washingtonpost,youtube,2025-05-05,metgalaathome2025 Subscribe,-0.16666666666666666
washingtonpost,youtube,2025-05-05,The Washington Post,-0.16666666666666666
washingtonpost,youtube,2025-05-05,Post Reports,0.0
washingtonpost,youtube,2025-05-05,Colby Itkowitz,0.0
washingtonpost,youtube,2025-05-05,Fighting Oligarchy,0.0
washingtonpost,youtube,2025-05-05,Bernie Sanders,0.0
washingtonpost,youtube,2025-05-05,Fighting Oligarchy,0.0
washingtonpost,youtube,2025-05-05,Bernie Sanders,0.0
washingtonpost,youtube,2025-05-05,Rachel Chason,0.3181818181818182
washingtonpost,youtube,2025-05-05,Crossroads of Conflict,0.3181818181818182
washingtonpost,youtube,2025-05-05,The Washington Post,0.3181818181818182
washingtonpost,youtube,2025-05-05,2027,0.0
washingtonpost,youtube,2025-05-05,May 5,0.0
washingtonpost,youtube,2025-05-05,2027,0.0
washingtonpost,youtube,2025-05-05,NFL Draft,0.0
washingtonpost,youtube,2025-05-05,May 5,0.0
washingtonpost,youtube,2025-05-05,The Washington Post,0.0
washingtonpost,youtube,2025-05-05,Alcatraz,0.5
washingtonpost,youtube,2025-05-04,Jacques Pépin,0.2333333333333333
washingtonpost,youtube,2025-05-04,The Washington Post,0.2333333333333333
washingtonpost,youtube,2025-05-03,Anthony Albanese,0.0
washingtonpost,youtube,2025-05-03,May 3,0.0
washingtonpost,youtube,2025-05-03,Peter Dutton,0.0
washingtonpost,youtube,2025-05-03,Dickson,0.0
washingtonpost,youtube,2025-05-03,The Washington Post,0.0
washingtonpost,youtube,2025-05-03,Carolyn Hax,0.2
washingtonpost,youtube,2025-05-03,The Washington Post,0.2
washingtonpost,youtube,2025-05-02,Natalie Compton,-0.13854166666666662
washingtonpost,youtube,2025-05-02,Spirit Airlines,-0.13854166666666662
washingtonpost,youtube,2025-05-02,The Washington Post,-0.13854166666666662
washingtonpost,youtube,2025-05-02,Sidebar,-0.07777777777777778
washingtonpost,youtube,2025-05-02,Maeve Reston,-0.07777777777777778
washingtonpost,youtube,2025-05-02,Gretchen Whitmer,-0.07777777777777778
washingtonpost,youtube,2025-05-02,The Washington Post,-0.07777777777777778
washingtonpost,youtube,2025-05-02,Diddy,0.16
washingtonpost,youtube,2025-05-02,this day,0.12777777777777777
washingtonpost,youtube,2025-05-02,Drew Goins,0.12777777777777777
washingtonpost,youtube,2025-05-02,Molly Roberts,0.12777777777777777
washingtonpost,youtube,2025-05-02,Heather Long,0.12777777777777777
washingtonpost,youtube,2025-05-02,Mark Carney,0.25
washingtonpost,youtube,2025-05-02,May 2,0.25
washingtonpost,youtube,2025-05-02,the following week,0.25
washingtonpost,youtube,2025-05-02,Carney,0.25
washingtonpost,youtube,2025-05-02,Volodymyr Zelensky,0.25
washingtonpost,youtube,2025-05-02,The Washington Post,0.25
washingtonpost,youtube,2025-05-02,Rachel Tashjian,0.01944444444444445
washingtonpost,youtube,2025-05-02,Superfine: Tailoring Black Style,0.01944444444444445
washingtonpost,youtube,2025-05-02,The Washington Post,0.01944444444444445
washingtonpost,youtube,2025-05-02,about 1,0.020000000000000007
washingtonpost,youtube,2025-05-02,Harvard Medical School,0.020000000000000007
washingtonpost,youtube,2025-05-02,Trisha Pasricha,0.020000000000000007
washingtonpost,youtube,2025-05-02,The Washington Post,0.020000000000000007
washingtonpost,youtube,2025-05-02,Health and Human Services,0.16666666666666666
washingtonpost,youtube,2025-05-02,Robert F. Kennedy Jr.,0.16666666666666666
washingtonpost,youtube,2025-05-02,The Washington Post,0.16666666666666666
washingtonpost,youtube,2025-05-02,Health and Human Services,0.16666666666666666
washingtonpost,youtube,2025-05-02,Robert F. Kennedy Jr.,0.16666666666666666
washingtonpost,youtube,2025-05-02,The Washington Post,0.16666666666666666
washingtonpost,youtube,2025-05-02,Michael Waltz,0.5
washingtonpost,youtube,2025-05-02,Marco Rubio,0.5
washingtonpost,youtube,2025-05-02,Kilmar Abrego García,0.5
washingtonpost,youtube,2025-05-02,Elon Musk’s,0.5
washingtonpost,youtube,2025-05-02,Austin Tice,0.5
washingtonpost,youtube,2025-05-02,Tina Knowles,0.06740196078431374
washingtonpost,youtube,2025-05-02,Matriarch,0.06740196078431374
washingtonpost,youtube,2025-05-02,National Harbor,0.06740196078431374
washingtonpost,youtube,2025-05-02,April 30,0.06740196078431374
washingtonpost,youtube,2025-05-02,Mathew Knowles,0.06740196078431374
washingtonpost,youtube,2025-05-02,Knowles,0.06740196078431374
washingtonpost,youtube,2025-05-02,The Washington Post,0.06740196078431374
washingtonpost,youtube,2025-05-02,That year,0.06740196078431374
washingtonpost,youtube,2025-05-02,The Washington Post,0.06740196078431374
washingtonpost,youtube,2025-05-01,Trump’s,0.125
washingtonpost,youtube,2025-05-01,first 100 days,0.125
washingtonpost,youtube,2025-05-01,2028,0.125
washingtonpost,youtube,2025-05-01,Sidebar,0.0
washingtonpost,youtube,2025-05-01,Kamala Harris,0.0
washingtonpost,youtube,2025-05-01,2028,0.0
washingtonpost,youtube,2025-05-01,The Washington Post,0.0
washingtonpost,youtube,2025-05-01,The Washington Post's,0.09537037037037037
washingtonpost,youtube,2025-05-01,Libby Casey,0.09537037037037037
washingtonpost,youtube,2025-05-01,Rhonda Colvin,0.09537037037037037
washingtonpost,youtube,2025-05-01,Maeve Reston,0.09537037037037037
washingtonpost,youtube,2025-05-01,Kamala Harris,0.09537037037037037
washingtonpost,youtube,2025-05-01,2028,0.09537037037037037
washingtonpost,youtube,2025-05-01,Biden,0.09537037037037037
washingtonpost,youtube,2025-05-01,Intro,0.09537037037037037
washingtonpost,youtube,2025-05-01,Kamala Harris,0.09537037037037037
washingtonpost,youtube,2025-05-01,Gretchen Whitmer,0.09537037037037037
washingtonpost,youtube,2025-05-01,JB Pritzker,0.09537037037037037
washingtonpost,youtube,2025-05-01,22:45 Gavin Newsom,0.09537037037037037
washingtonpost,youtube,2025-05-01,Pete Buttigieg,0.09537037037037037
washingtonpost,youtube,2025-05-01,Bernie Sanders,0.09537037037037037
washingtonpost,youtube,2025-05-01,Diddy,-0.009595959595959602
washingtonpost,youtube,2025-05-01,May 5,-0.009595959595959602
washingtonpost,youtube,2025-05-01,The Washington Post,-0.009595959595959602
washingtonpost,youtube,2025-05-01,Kamala Harris,0.5
washingtonpost,youtube,2025-05-01,Kamala Harris,0.0
washingtonpost,youtube,2025-05-01,April 30,0.0
washingtonpost,youtube,2025-05-01,The Washington Post,0.0
washingtonpost,youtube,2025-05-01,Washington Capitals,0.0
washingtonpost,youtube,2025-05-01,Alex Ovechkin,0.0
washingtonpost,youtube,2025-05-01,Tom Wilson,0.0
washingtonpost,youtube,2025-05-01,the Carolina Hurricanes,0.0
